user_id,status,failed_payment_count,has_failed_payment
1,churned,0,0
2,active,2,1
3,active,2,1
4,churned,0,0
5,active,0,0
6,active,0,0
7,active,1,1
8,churned,0,0
9,active,1,1
10,active,1,1
11,active,2,1
12,churned,0,0
13,active,0,0
14,churned,0,0
15,active,1,1
16,active,1,1
17,churned,1,1
18,active,0,0
19,active,0,0
20,active,2,1
21,active,1,1
22,active,0,0
23,churned,0,0
24,churned,1,1
25,active,1,1
26,active,2,1
27,active,1,1
28,active,1,1
29,churned,1,1
30,active,0,0
31,active,1,1
32,active,0,0
33,churned,0,0
34,active,0,0
35,active,0,0
36,active,1,1
37,churned,0,0
38,active,0,0
39,active,1,1
40,churned,0,0
41,active,0,0
42,churned,0,0
43,active,0,0
44,churned,1,1
45,active,0,0
46,churned,0,0
47,active,2,1
48,active,0,0
49,churned,1,1
50,active,0,0
51,active,0,0
52,active,0,0
53,churned,1,1
54,active,0,0
55,active,1,1
56,churned,0,0
57,churned,0,0
58,active,1,1
59,churned,1,1
60,churned,1,1
61,active,0,0
62,active,2,1
63,active,0,0
64,active,0,0
65,churned,0,0
66,active,1,1
67,active,0,0
68,active,0,0
69,active,1,1
70,churned,0,0
71,active,0,0
72,active,4,1
73,active,0,0
74,active,1,1
75,active,1,1
76,active,0,0
77,active,1,1
78,active,1,1
79,active,0,0
80,active,2,1
81,active,0,0
82,active,1,1
83,active,1,1
84,churned,0,0
85,active,1,1
86,active,1,1
87,active,0,0
88,active,2,1
89,churned,0,0
90,active,1,1
91,active,0,0
92,churned,0,0
93,active,0,0
94,active,4,1
95,active,0,0
96,churned,0,0
97,active,1,1
98,active,0,0
99,active,1,1
100,active,1,1
101,active,0,0
102,churned,0,0
103,active,2,1
104,active,1,1
105,churned,0,0
106,churned,0,0
107,churned,0,0
108,active,0,0
109,active,0,0
110,active,0,0
111,active,0,0
112,active,0,0
113,active,1,1
114,active,2,1
115,active,1,1
116,active,1,1
117,churned,0,0
118,active,0,0
119,churned,1,1
120,active,0,0
121,active,1,1
122,active,1,1
123,active,0,0
124,active,0,0
125,churned,0,0
126,active,0,0
127,churned,1,1
128,churned,0,0
129,active,1,1
130,churned,1,1
131,active,1,1
132,churned,1,1
133,churned,1,1
134,active,2,1
135,churned,0,0
136,active,2,1
137,churned,0,0
138,active,0,0
139,active,2,1
140,active,0,0
141,active,1,1
142,active,1,1
143,churned,0,0
144,active,0,0
145,active,1,1
146,active,0,0
147,active,0,0
148,active,0,0
149,churned,1,1
150,active,0,0
151,churned,1,1
152,active,0,0
153,active,0,0
154,active,0,0
155,churned,0,0
156,churned,1,1
157,active,0,0
158,active,0,0
159,churned,0,0
160,churned,3,1
161,active,0,0
162,active,0,0
163,churned,1,1
164,churned,1,1
165,active,1,1
166,active,0,0
167,churned,1,1
168,active,3,1
169,active,1,1
170,churned,0,0
171,churned,0,0
172,active,0,0
173,active,0,0
174,active,0,0
175,active,0,0
176,churned,0,0
177,churned,0,0
178,churned,1,1
179,churned,0,0
180,churned,0,0
181,active,0,0
182,active,1,1
183,active,1,1
184,active,0,0
185,active,0,0
186,churned,0,0
187,active,0,0
188,active,2,1
189,active,0,0
190,churned,0,0
191,active,0,0
192,active,0,0
193,active,0,0
194,active,0,0
195,active,0,0
196,active,2,1
197,churned,0,0
198,active,1,1
199,active,2,1
200,churned,0,0
201,churned,1,1
202,churned,0,0
203,active,0,0
204,churned,0,0
205,churned,1,1
206,active,0,0
207,active,0,0
208,churned,1,1
209,churned,1,1
210,churned,0,0
211,active,1,1
212,churned,0,0
213,churned,0,0
214,churned,0,0
215,active,1,1
216,active,1,1
217,churned,0,0
218,active,0,0
219,active,0,0
220,churned,0,0
221,active,2,1
222,active,0,0
223,active,1,1
224,churned,1,1
225,churned,0,0
226,active,0,0
227,active,0,0
228,active,0,0
229,churned,0,0
230,churned,1,1
231,churned,0,0
232,churned,0,0
233,churned,0,0
234,active,0,0
235,active,0,0
236,churned,0,0
237,churned,1,1
238,active,0,0
239,active,0,0
240,active,2,1
241,active,0,0
242,active,0,0
243,active,1,1
244,active,0,0
245,churned,0,0
246,active,2,1
247,active,0,0
248,churned,0,0
249,churned,1,1
250,active,0,0
251,active,1,1
252,active,0,0
253,active,0,0
254,active,0,0
255,churned,1,1
256,active,1,1
257,churned,0,0
258,active,0,0
259,churned,2,1
260,active,0,0
261,churned,1,1
262,churned,0,0
263,active,1,1
264,churned,1,1
265,churned,0,0
266,active,0,0
267,active,1,1
268,churned,1,1
269,active,1,1
270,churned,0,0
271,active,1,1
272,active,0,0
273,active,1,1
274,active,2,1
275,active,0,0
276,active,0,0
277,churned,1,1
278,active,1,1
279,active,1,1
280,active,0,0
281,active,2,1
282,active,0,0
283,active,1,1
284,active,0,0
285,active,1,1
286,active,0,0
287,active,0,0
288,active,2,1
289,active,0,0
290,active,1,1
291,churned,0,0
292,active,0,0
293,active,1,1
294,churned,0,0
295,active,0,0
296,active,1,1
297,active,1,1
298,active,0,0
299,churned,0,0
300,churned,0,0
301,churned,0,0
302,churned,1,1
303,churned,0,0
304,active,3,1
305,churned,0,0
306,active,2,1
307,active,0,0
308,active,1,1
309,active,0,0
310,active,0,0
311,active,0,0
312,churned,0,0
313,active,1,1
314,active,2,1
315,churned,0,0
316,active,2,1
317,active,0,0
318,active,1,1
319,churned,0,0
320,active,0,0
321,active,0,0
322,active,0,0
323,active,2,1
324,active,0,0
325,active,2,1
326,active,0,0
327,active,2,1
328,churned,0,0
329,active,1,1
330,churned,0,0
331,active,0,0
332,active,0,0
333,churned,0,0
334,churned,0,0
335,active,0,0
336,active,0,0
337,active,0,0
338,active,0,0
339,active,0,0
340,churned,0,0
341,churned,0,0
342,active,0,0
343,churned,0,0
344,active,0,0
345,active,0,0
346,active,0,0
347,active,0,0
348,churned,0,0
349,active,0,0
350,active,0,0
351,active,0,0
352,churned,0,0
353,active,0,0
354,active,0,0
355,churned,0,0
356,churned,0,0
357,active,0,0
358,active,0,0
359,churned,0,0
360,churned,0,0
361,active,0,0
362,churned,0,0
363,active,0,0
364,active,0,0
365,active,0,0
366,churned,0,0
367,active,0,0
368,active,0,0
369,churned,0,0
370,active,0,0
371,churned,0,0
372,active,0,0
373,active,0,0
374,churned,0,0
375,active,0,0
376,churned,0,0
377,active,0,0
378,churned,0,0
379,churned,0,0
380,active,0,0
381,churned,0,0
382,churned,0,0
383,active,0,0
384,active,0,0
385,active,0,0
386,active,0,0
387,active,0,0
388,active,0,0
389,churned,0,0
390,active,0,0
391,churned,0,0
392,churned,0,0
393,active,0,0
394,active,0,0
395,churned,0,0
396,active,0,0
397,active,0,0
398,churned,0,0
399,active,0,0
400,active,0,0
