user_id,status,unresolved_high_priority_ticket_count,has_unresolved_high_priority_ticket
1,churned,1,1
2,active,0,0
3,active,0,0
4,churned,0,0
5,active,0,0
6,active,0,0
7,active,1,1
8,churned,0,0
9,active,0,0
10,active,1,1
11,active,0,0
12,churned,0,0
13,active,0,0
14,churned,0,0
15,active,0,0
16,active,0,0
17,churned,1,1
18,active,0,0
19,active,0,0
20,active,0,0
21,active,0,0
22,active,1,1
23,churned,0,0
24,churned,0,0
25,active,0,0
26,active,0,0
27,active,0,0
28,active,0,0
29,churned,0,0
30,active,0,0
31,active,0,0
32,active,0,0
33,churned,0,0
34,active,0,0
35,active,0,0
36,active,0,0
37,churned,0,0
38,active,0,0
39,active,0,0
40,churned,0,0
41,active,0,0
42,churned,1,1
43,active,0,0
44,churned,1,1
45,active,0,0
46,churned,1,1
47,active,0,0
48,active,0,0
49,churned,1,1
50,active,0,0
51,active,0,0
52,active,0,0
53,churned,0,0
54,active,0,0
55,active,0,0
56,churned,0,0
57,churned,0,0
58,active,0,0
59,churned,0,0
60,churned,0,0
61,active,0,0
62,active,0,0
63,active,0,0
64,active,0,0
65,churned,1,1
66,active,0,0
67,active,0,0
68,active,0,0
69,active,0,0
70,churned,0,0
71,active,0,0
72,active,0,0
73,active,0,0
74,active,0,0
75,active,0,0
76,active,0,0
77,active,0,0
78,active,0,0
79,active,0,0
80,active,0,0
81,active,0,0
82,active,0,0
83,active,0,0
84,churned,0,0
85,active,0,0
86,active,0,0
87,active,0,0
88,active,0,0
89,churned,2,1
90,active,0,0
91,active,0,0
92,churned,0,0
93,active,0,0
94,active,0,0
95,active,0,0
96,churned,0,0
97,active,0,0
98,active,0,0
99,active,0,0
100,active,0,0
101,active,0,0
102,churned,1,1
103,active,0,0
104,active,0,0
105,churned,0,0
106,churned,1,1
107,churned,0,0
108,active,0,0
109,active,0,0
110,active,0,0
111,active,0,0
112,active,0,0
113,active,0,0
114,active,0,0
115,active,0,0
116,active,0,0
117,churned,0,0
118,active,0,0
119,churned,0,0
120,active,0,0
121,active,0,0
122,active,0,0
123,active,0,0
124,active,0,0
125,churned,0,0
126,active,0,0
127,churned,0,0
128,churned,0,0
129,active,0,0
130,churned,0,0
131,active,0,0
132,churned,1,1
133,churned,0,0
134,active,0,0
135,churned,0,0
136,active,0,0
137,churned,1,1
138,active,0,0
139,active,0,0
140,active,0,0
141,active,0,0
142,active,0,0
143,churned,1,1
144,active,0,0
145,active,0,0
146,active,0,0
147,active,0,0
148,active,1,1
149,churned,0,0
150,active,1,1
151,churned,0,0
152,active,0,0
153,active,0,0
154,active,0,0
155,churned,0,0
156,churned,1,1
157,active,0,0
158,active,0,0
159,churned,1,1
160,churned,0,0
161,active,0,0
162,active,0,0
163,churned,1,1
164,churned,2,1
165,active,0,0
166,active,0,0
167,churned,0,0
168,active,0,0
169,active,0,0
170,churned,0,0
171,churned,0,0
172,active,0,0
173,active,0,0
174,active,0,0
175,active,0,0
176,churned,1,1
177,churned,1,1
178,churned,0,0
179,churned,0,0
180,churned,0,0
181,active,0,0
182,active,0,0
183,active,0,0
184,active,1,1
185,active,1,1
186,churned,0,0
187,active,0,0
188,active,0,0
189,active,0,0
190,churned,0,0
191,active,0,0
192,active,0,0
193,active,0,0
194,active,0,0
195,active,0,0
196,active,1,1
197,churned,0,0
198,active,0,0
199,active,1,1
200,churned,0,0
201,churned,1,1
202,churned,1,1
203,active,0,0
204,churned,0,0
205,churned,0,0
206,active,0,0
207,active,0,0
208,churned,1,1
209,churned,0,0
210,churned,0,0
211,active,1,1
212,churned,0,0
213,churned,0,0
214,churned,0,0
215,active,0,0
216,active,0,0
217,churned,0,0
218,active,0,0
219,active,0,0
220,churned,0,0
221,active,0,0
222,active,1,1
223,active,1,1
224,churned,1,1
225,churned,0,0
226,active,0,0
227,active,0,0
228,active,0,0
229,churned,0,0
230,churned,0,0
231,churned,0,0
232,churned,0,0
233,churned,0,0
234,active,0,0
235,active,0,0
236,churned,0,0
237,churned,0,0
238,active,0,0
239,active,0,0
240,active,0,0
241,active,0,0
242,active,0,0
243,active,0,0
244,active,0,0
245,churned,0,0
246,active,0,0
247,active,0,0
248,churned,1,1
249,churned,0,0
250,active,0,0
251,active,0,0
252,active,0,0
253,active,0,0
254,active,0,0
255,churned,0,0
256,active,0,0
257,churned,0,0
258,active,0,0
259,churned,0,0
260,active,0,0
261,churned,1,1
262,churned,0,0
263,active,0,0
264,churned,0,0
265,churned,0,0
266,active,0,0
267,active,0,0
268,churned,0,0
269,active,0,0
270,churned,0,0
271,active,0,0
272,active,0,0
273,active,0,0
274,active,0,0
275,active,0,0
276,active,1,1
277,churned,1,1
278,active,0,0
279,active,0,0
280,active,0,0
281,active,0,0
282,active,0,0
283,active,0,0
284,active,0,0
285,active,0,0
286,active,0,0
287,active,0,0
288,active,0,0
289,active,0,0
290,active,0,0
291,churned,0,0
292,active,0,0
293,active,0,0
294,churned,1,1
295,active,0,0
296,active,0,0
297,active,0,0
298,active,0,0
299,churned,0,0
300,churned,0,0
301,churned,1,1
302,churned,0,0
303,churned,1,1
304,active,0,0
305,churned,0,0
306,active,1,1
307,active,0,0
308,active,0,0
309,active,0,0
310,active,1,1
311,active,0,0
312,churned,1,1
313,active,0,0
314,active,0,0
315,churned,0,0
316,active,0,0
317,active,0,0
318,active,0,0
319,churned,0,0
320,active,0,0
321,active,0,0
322,active,0,0
323,active,0,0
324,active,0,0
325,active,1,1
326,active,0,0
327,active,0,0
328,churned,0,0
329,active,0,0
330,churned,0,0
331,active,0,0
332,active,0,0
333,churned,1,1
334,churned,1,1
335,active,0,0
336,active,0,0
337,active,0,0
338,active,0,0
339,active,0,0
340,churned,1,1
341,churned,1,1
342,active,0,0
343,churned,1,1
344,active,0,0
345,active,0,0
346,active,1,1
347,active,0,0
348,churned,0,0
349,active,0,0
350,active,0,0
351,active,0,0
352,churned,0,0
353,active,0,0
354,active,0,0
355,churned,0,0
356,churned,0,0
357,active,0,0
358,active,0,0
359,churned,1,1
360,churned,1,1
361,active,1,1
362,churned,0,0
363,active,0,0
364,active,0,0
365,active,0,0
366,churned,0,0
367,active,0,0
368,active,1,1
369,churned,0,0
370,active,0,0
371,churned,0,0
372,active,0,0
373,active,0,0
374,churned,0,0
375,active,0,0
376,churned,0,0
377,active,0,0
378,churned,0,0
379,churned,0,0
380,active,0,0
381,churned,1,1
382,churned,1,1
383,active,0,0
384,active,0,0
385,active,0,0
386,active,0,0
387,active,0,0
388,active,0,0
389,churned,0,0
390,active,0,0
391,churned,0,0
392,churned,0,0
393,active,0,0
394,active,0,0
395,churned,0,0
396,active,0,0
397,active,0,0
398,churned,1,1
399,active,1,1
400,active,0,0
